title,artist,genre,year,bpm,energy,danceability,duration_sec,acousticness,speechiness,popularity
"Hey, Soul Sister",Train,Acoustic/Folk,2010,97,89,67,217,19,4,83
Love The Way You Lie,Eminem,Hip-hop/R&B,2010,87,93,75,263,24,23,82
TiK ToK,Kesha,Dance pop,2010,120,84,76,200,10,14,80
Bad Romance,Lady Gaga,Dance pop,2010,119,92,70,295,0,4,79
Just the Way You Are,Bruno Mars,Pop,2010,109,84,64,221,2,4,78
Baby,Justin Bieber,Pop,2010,65,86,73,214,4,14,77
Dynamite,Taio Cruz,Dance pop,2010,120,78,75,203,0,9,77
Secrets,OneRepublic,Dance pop,2010,148,76,52,225,7,4,77
Empire State of Mind (Part II) Broken Down,Alicia Keys,Hip-hop/R&B,2010,93,37,48,216,74,3,76
Only Girl (In The World),Rihanna,Pop,2010,126,72,79,235,13,4,73
Club Can't Handle Me (feat. David Guetta),Flo Rida,Dance pop,2010,128,87,62,235,3,3,73
Marry You,Bruno Mars,Pop,2010,145,83,62,230,33,4,73
Cooler Than Me - Single Mix,Mike Posner,Dance pop,2010,130,82,77,213,18,5,73
Telephone,Lady Gaga,Dance pop,2010,122,83,83,221,1,4,73
Like A G6,Far East Movement,Dance pop,2010,125,84,44,217,1,45,72
OMG (feat. will.i.am),Usher,Hip-hop/R&B,2010,130,75,78,269,20,3,72
Eenie Meenie,Sean Kingston,Dance pop,2010,121,61,72,202,5,3,71
The Time (Dirty Bit),The Black Eyed Peas,Dance pop,2010,128,81,82,308,7,7,70
Alejandro,Lady Gaga,Dance pop,2010,99,80,63,274,0,5,69
Your Love Is My Drug,Kesha,Dance pop,2010,120,61,83,187,1,10,69
Meet Me Halfway,The Black Eyed Peas,Dance pop,2010,130,63,80,284,0,7,68
Whataya Want from Me,Adam Lambert,Pop,2010,186,68,44,227,1,5,66
Take It Off,Kesha,Dance pop,2010,125,68,73,215,0,3,66
Misery,Maroon 5,Pop,2010,103,81,70,216,0,4,65
All The Right Moves,OneRepublic,Dance pop,2010,146,95,53,238,26,5,65
Animal,Neon Trees,Other,2010,148,83,48,212,0,4,65
Naturally,Selena Gomez & The Scene,Dance pop,2010,133,90,61,203,2,5,64
I Like It,Enrique Iglesias,Dance pop,2010,129,94,65,231,2,9,63
Teenage Dream,Katy Perry,Dance pop,2010,120,80,72,228,2,4,63
California Gurls,Katy Perry,Dance pop,2010,125,75,79,235,0,5,62
3,Britney Spears,Dance pop,2010,135,71,70,213,5,5,62
My First Kiss - feat. Ke$ha,3OH!3,Dance pop,2010,138,89,68,192,1,8,62
Blah Blah Blah (feat. 3OH!3),Kesha,Dance pop,2010,120,84,75,172,8,12,62
Imma Be,The Black Eyed Peas,Dance pop,2010,92,52,60,258,18,37,62
Try Sleeping with a Broken Heart,Alicia Keys,Hip-hop/R&B,2010,111,82,50,249,16,11,62
Sexy Bitch (feat. Akon),David Guetta,Dance pop,2010,130,63,81,196,8,5,61
Bound To You - Burlesque Original Motion Picture Soundtrack,Christina Aguilera,Dance pop,2010,164,41,29,264,83,3,61
If I Had You,Adam Lambert,Pop,2010,131,91,65,228,1,11,59
Rock That Body,The Black Eyed Peas,Dance pop,2010,125,91,72,269,2,10,59
Dog Days Are Over,Florence + The Machine,Pop,2010,150,81,50,253,3,9,58
Something's Got A Hold On Me - Burlesque Original Motion Picture Soundtrack,Christina Aguilera,Dance pop,2010,150,85,51,185,47,27,58
Doesn't Mean Anything,Alicia Keys,Hip-hop/R&B,2010,104,41,71,273,4,3,57
Hard,Rihanna,Pop,2010,182,75,31,251,1,11,57
Loca,Shakira,Pop,2010,112,87,80,193,19,7,56
You Lost Me,Christina Aguilera,Dance pop,2010,43,39,23,257,85,4,56
Not Myself Tonight,Christina Aguilera,Dance pop,2010,120,81,76,186,0,4,55
Written in the Stars (feat. Eric Turner),Tinie Tempah,Dance pop,2010,91,95,64,220,6,7,52
DJ Got Us Fallin' In Love (feat. Pitbull),Usher,Hip-hop/R&B,2010,120,86,66,221,3,11,52
Castle Walls (feat. Christina Aguilera),T.I.,Hip-hop/R&B,2010,80,86,45,329,7,39,49
Break Your Heart,Taio Cruz,Dance pop,2010,122,90,67,186,0,3,33
Hello,Martin Solveig,EDM,2010,128,98,67,191,1,3,0
A Thousand Years,Christina Perri,Dance pop,2011,139,41,42,285,31,3,81
Someone Like You,Adele,Hip-hop/R&B,2011,135,33,56,285,89,3,80
Give Me Everything,Pitbull,Dance pop,2011,129,94,67,252,19,16,79
Just the Way You Are,Bruno Mars,Pop,2011,109,84,64,221,2,4,78
Rolling in the Deep,Adele,Hip-hop/R&B,2011,105,76,73,228,13,3,76
Run the World (Girls),Beyoncé,Dance pop,2011,127,90,73,236,0,14,76
Moves Like Jagger - Studio Recording From The Voice Performance,Maroon 5,Pop,2011,128,76,72,201,1,5,76
Love On Top,Beyoncé,Dance pop,2011,94,75,65,267,8,9,76
Grenade,Bruno Mars,Pop,2011,110,56,71,223,15,6,75
Tonight Tonight,Hot Chelle Rae,Dance pop,2011,100,78,69,200,8,12,75
What the Hell,Avril Lavigne,Pop,2011,150,93,58,221,0,5,74
Born This Way,Lady Gaga,Dance pop,2011,124,83,59,260,0,16,73
Monster,Kanye West,Hip-hop/R&B,2011,125,69,63,379,0,20,73
Marry You,Bruno Mars,Pop,2011,145,83,62,230,33,4,73
Best Thing I Never Had,Beyoncé,Dance pop,2011,99,65,55,254,14,3,73
Party Rock Anthem,LMFAO,Dance pop,2011,130,74,75,262,2,16,72
We R Who We R,Kesha,Dance pop,2011,120,82,74,205,1,4,72
Price Tag,Jessie J,Pop,2011,175,83,64,223,3,18,72
Good Life,OneRepublic,Dance pop,2011,95,69,63,253,8,5,72
Just Can't Get Enough,The Black Eyed Peas,Dance pop,2011,94,63,66,219,19,18,71
On The Floor,Jennifer Lopez,Dance pop,2011,130,78,73,285,11,5,69
What's My Name?,Rihanna,Pop,2011,100,79,69,263,23,7,69
Yeah 3x,Chris Brown,Dance pop,2011,130,88,71,242,0,4,69
Without You (feat. Usher),David Guetta,Dance pop,2011,128,61,61,208,23,3,68
Sexy And I Know It,LMFAO,Dance pop,2011,130,86,71,199,10,32,67
The Edge Of Glory,Lady Gaga,Dance pop,2011,128,77,58,321,0,4,67
E.T.,Katy Perry,Dance pop,2011,152,87,62,230,2,18,66
Till the World Ends,Britney Spears,Dance pop,2011,132,71,69,238,2,7,65
I Wanna Go,Britney Spears,Dance pop,2011,130,55,70,210,0,4,64
Blow,Kesha,Dance pop,2011,120,73,75,220,0,4,64
You And I,Lady Gaga,Dance pop,2011,127,70,52,307,9,5,64
Judas,Lady Gaga,Dance pop,2011,131,93,66,249,0,7,63
Tonight (I'm Fuckin' You),Enrique Iglesias,Dance pop,2011,126,89,65,232,3,5,63
Please Don't Go,Mike Posner,Dance pop,2011,120,88,70,197,0,3,63
We Found Love,Rihanna,Pop,2011,128,77,73,215,3,4,61
Marry The Night,Lady Gaga,Dance pop,2011,131,88,61,265,0,6,61
1+1,Beyoncé,Dance pop,2011,63,38,30,274,38,3,60
Hold It Against Me,Britney Spears,Dance pop,2011,133,72,65,229,1,4,59
I'm Into You,Jennifer Lopez,Dance pop,2011,84,75,59,200,2,14,59
Papi,Jennifer Lopez,Dance pop,2011,120,81,71,223,13,6,58
Cheers (Drink To That),Rihanna,Pop,2011,80,91,58,262,2,4,58
S&M Remix,Rihanna,Pop,2011,128,81,82,257,5,5,54
Written in the Stars (feat. Eric Turner),Tinie Tempah,Dance pop,2011,91,95,64,220,6,7,52
Jar of Hearts,Christina Perri,Dance pop,2011,75,35,35,247,73,3,50
Castle Walls (feat. Christina Aguilera),T.I.,Hip-hop/R&B,2011,80,86,45,329,7,39,49
Turning Page,Sleeping At Last,Acoustic/Folk,2011,125,38,30,255,91,3,46
Super Bass,Nicki Minaj,Dance pop,2011,127,74,77,201,6,23,38
Raise Your Glass,P!nk,Dance pop,2011,122,64,68,208,0,12,38
Invading My Mind,Jennifer Lopez,Dance pop,2011,129,88,73,201,2,7,31
Moment 4 Life - Album Version (Edited),Nicki Minaj,Dance pop,2011,130,88,50,279,39,38,28
Last Friday Night (T.G.I.F.),Katy Perry,Dance pop,2011,126,81,65,231,0,4,27
Firework,Katy Perry,Dance pop,2011,124,83,64,228,14,5,25
Muny - Album Version (Edited),Nicki Minaj,Dance pop,2011,98,72,80,227,56,33,7
Titanium (feat. Sia),David Guetta,Dance pop,2012,126,79,60,245,7,10,80
Locked Out of Heaven,Bruno Mars,Pop,2012,144,70,73,233,5,4,79
Paradise,Coldplay,Other,2012,140,59,45,279,5,3,79
Payphone,Maroon 5,Pop,2012,110,75,74,231,2,4,79
What Makes You Beautiful,One Direction,Pop,2012,125,79,73,200,1,7,78
I Knew You Were Trouble.,Taylor Swift,Pop,2012,77,47,62,220,0,4,77
Call Me Maybe,Carly Rae Jepsen,Pop,2012,120,58,78,193,1,4,76
Love You Like A Love Song,Selena Gomez & The Scene,Dance pop,2012,117,68,86,188,8,5,76
Set Fire to the Rain,Adele,Hip-hop/R&B,2012,108,68,61,242,0,3,76
We Are Never Ever Getting Back Together,Taylor Swift,Pop,2012,86,68,63,193,1,9,75
Stronger (What Doesn't Kill You),Kelly Clarkson,Dance pop,2012,116,94,56,222,5,5,74
Try,P!nk,Dance pop,2012,104,63,67,248,0,3,74
Starships,Nicki Minaj,Dance pop,2012,125,72,75,211,14,8,73
One More Night,Maroon 5,Pop,2012,93,82,72,220,6,3,73
Good Time,Owl City,Pop,2012,126,87,56,206,2,14,73
Glad You Came,The Wanted,Pop,2012,127,85,72,198,3,6,72
Beauty And A Beat,Justin Bieber,Pop,2012,128,84,60,228,0,6,72
International Love,Pitbull,Dance pop,2012,120,86,67,227,1,5,72
Some Nights,fun.,Pop,2012,108,74,67,277,2,5,72
Boyfriend,Justin Bieber,Pop,2012,97,55,72,171,4,5,71
Part Of Me,Katy Perry,Dance pop,2012,130,92,68,216,0,4,71
Domino,Jessie J,Pop,2012,127,55,76,232,1,3,69
Where Have You Been,Rihanna,Pop,2012,128,85,72,243,0,9,68
Wide Awake,Katy Perry,Dance pop,2012,160,68,51,221,7,4,68
The One That Got Away,Katy Perry,Dance pop,2012,134,80,69,227,0,4,67
Dance Again,Jennifer Lopez,Dance pop,2012,128,86,79,237,2,7,66
Turn Up the Music,Chris Brown,Dance pop,2012,130,84,59,228,0,10,65
Lights - Single Version,Ellie Goulding,Dance pop,2012,120,80,68,211,3,4,65
We Are Young (feat. Janelle Monáe),fun.,Pop,2012,184,64,38,251,2,8,63
Diamonds,Rihanna,Pop,2012,92,71,56,225,0,5,61
Don't Stop the Party (feat. TJR),Pitbull,Dance pop,2012,127,96,72,206,1,9,59
You Da One,Rihanna,Pop,2012,127,72,70,200,50,4,57
Stereo Hearts (feat. Adam Levine),Gym Class Heroes,Dance pop,2012,90,80,65,211,3,10,54
It Will Rain,Bruno Mars,Pop,2012,150,84,58,258,34,5,38
Blow Me (One Last Kiss),P!nk,Dance pop,2012,114,92,60,256,0,4,0
